name,gender
james,male
mary,female
john,male
patricia,female
robert,male
jennifer,female
michael,male
linda,female
william,male
elizabeth,female
david,male
barbara,female
richard,male
susan,female
joseph,male
jessica,female
thomas,male
sarah,female
charles,male
karen,female
christopher,male
nancy,female
daniel,male
margaret,female
matthew,male
lisa,female
anthony,male
betty,female
donald,male
dorothy,female
mark,male
sandra,female
paul,male
ashley,female
steven,male
kimberly,female
andrew,male
donna,female
kenneth,male
emily,female
joshua,male
michelle,female
george,male
carol,female
kevin,male
amanda,female
brian,male
melissa,female
edward,male
deborah,female
ronald,male
stephanie,female
timothy,male
rebecca,female
jason,male
laura,female
jeffrey,male
sharon,female
ryan,male
cynthia,female
jacob,male
kathleen,female
gary,male
helen,female
nicholas,male
amy,female
eric,male
shirley,female
stephen,male
angela,female
jonathan,male
anna,female
larry,male
brenda,female
justin,male
pamela,female
scott,male
nicole,female
brandon,male
ruth,female
frank,male
katherine,female
benjamin,male
samantha,female
gregory,male
christine,female
samuel,male
emma,female
raymond,male
catherine,female
patrick,male
debra,female
alexander,male
virginia,female
jack,male
rachel,female
dennis,male
carolyn,female
jerry,male
janet,female
tyler,male
maria,female
aaron,male
heather,female
jose,male
diane,female
henry,male
julie,female
douglas,male
joyce,female
adam,male
victoria,female
peter,male
kelly,female
nathan,male
christina,female
zachary,male
joan,female
walter,male
evelyn,female
kyle,male
lauren,female
harold,male
judith,female
carl,male
olivia,female
jeremy,male
frances,female
keith,male
martha,female
roger,male
cheryl,female
gerald,male
megan,female
ethan,male
andrea,female
arthur,male
hannah,female
terry,male
jacqueline,female
christian,male
ann,female
sean,male
jean,female
lawrence,male
alice,female
austin,male
kathryn,female
joe,male
gloria,female
noah,male
teresa,female
jesse,male
doris,female
albert,male
sara,female
bryan,male
janice,female
billy,male
julia,female
bruce,male
marie,female
willie,male
madison,female
jordan,male
grace,female
dylan,male
judy,female
alan,male
theresa,female
ralph,male
beverly,female
gabriel,male
denise,female
roy,male
marilyn,female
juan,male
amber,female
wayne,male
danielle,female
eugene,male
abigail,female
logan,male
brittany,female
randy,male
rose,female
louis,male
diana,female
russell,male
natalie,female
vincent,male
sophia,female
philip,male
alexis,female
bobby,male
lori,female
johnny,male
kayla,female
bradley,male
jane,female
